name,surname,age,email,time
Kamo,Sargsyan,44,djvaraprust@gmail.com,18:04:02:25
Tyom,Van-Damme,22,spanchbob@gmail.com,18:04:02:75
Tyom,Harutyunyan,27,Jasonstatham@gmail.com,18:04:03:25
Alvard,Van-Damme,25,Jasonstatham@gmail.com,18:04:03:75
Saqo,Sargsyan,36,spanchbob@gmail.com,18:04:04:25
Saqo,Chan,13,Jasonstatham@gmail.com,18:04:04:75
Kamo,Van-Damme,20,slovapacana@gmail.com,18:04:05:25
Alvard,Van-Damme,27,elenioragiry@gmail.com,18:04:05:75
Gevor,Sargsyan,25,djvaraprust@gmail.com,18:04:06:25
Lilia,Vardanyan,16,djvaraprust@gmail.com,18:04:06:76
Tyom,Hovakimyan,27,slovapacana@gmail.com,18:04:07:26
Billie,Hovakimyan,16,Jasonstatham@gmail.com,18:04:07:76
Alvard,Van-Damme,27,slovapacana@gmail.com,18:04:08:26
Kamo,Vardanyan,14,djvaraprust@gmail.com,18:04:08:76
Gevor,Van-Damme,20,djvaraprust@gmail.com,18:04:09:26
Lilia,Hovakimyan,19,spanchbob@gmail.com,18:04:09:76
Vahagn,Eilish,20,elenioragiry@gmail.com,18:04:10:26
Alvard,Eilish,36,Jasonstatham@gmail.com,18:04:10:76
Lilia,Ghalechyan,14,Jasonstatham@gmail.com,18:04:11:26
Jean-Claude,Hovakimyan,14,elenioragiry@gmail.com,18:04:11:76
